CLUSTERID1	CLUSTERID2	DeltaMZ	MEH	Cosine	OtherScore
21	25	-3.77	0	0.812545	0.656795
21	1055	-481.84	0	0.85043	0.568882
37	63	-27.77	0	0.814619	0.670643
37	65	-29.71	0	0.801589	0.695163
52	79	-27.05	0	0.812626	0.6499
63	127	-57.72	0	0.820957	0.727412
91	123	-28.029	0	0.905455	0.704403
102	151	-33.99	0	0.951545	0.871776
105	155	-33.89	0	0.800852	0.715606
109	127	-15.02	0	0.801831	0.622625
111	149	-28.0277	0	0.912133	0.938232
111	199	-56.0655	0	0.957645	0.783298
111	201	-57.0655	0	0.905362	0.646666
111	245	-84.0955	0	0.97141	0.822356
117	354	-118.91	0	0.835764	0.618683
117	381	-134.91	0	0.811376	0.656543
126	183	-33.9847	0	0.90045	0.834191
143	675	-266.121	0	0.814378	0.522612
144	203	-33.92	0	0.885769	0.780578
147	172	-14.02	0	0.8185	0.678544
147	219	-42.05	0	0.839737	0.664781
149	176	-15.9978	0	0.818981	0.667743
149	199	-28.0378	0	0.821735	0.831735
149	226	-44.0333	0	0.859117	0.741011
149	245	-56.0678	0	0.831743	0.852608
154	214	-33.985	0	0.846929	0.765878
172	219	-28.03	0	0.868463	0.599961
176	226	-28.0355	0	0.835	0.712012
176	286	-56.0612	0	0.843733	0.751647
195	252	-33.98	0	0.871947	0.76904
199	201	-1	0	0.947246	0.914041
199	226	-15.9955	0	0.848368	0.695551
199	245	-28.03	0	0.978048	0.865663
199	286	-44.0212	0	0.900452	0.810985
199	356	-72.06	0	0.911881	0.858774
201	245	-27.03	0	0.938179	0.821927
201	286	-43.0212	0	0.955771	0.82832
201	315	-55.0588	0	0.931504	0.710565
205	241	-17.8222	0	0.848739	0.76219
217	382	-75.09	0	0.802941	0.782694
226	286	-28.0258	0	0.874716	0.756673
241	357	-49.0678	0	0.834284	0.569836
245	286	-15.9912	0	0.908931	0.836832
245	315	-28.0288	0	0.98917	0.833127
245	356	-44.03	0	0.917644	0.851412
246	250	-1	0	0.873261	0.780466
250	294	-17	0	0.882158	0.727358
261	262	-2.13	0	0.973229	0.897638
262	348	-28	0	0.812946	0.638427
290	341	-18.17	0	0.811309	0.734443
299	586	-161.79	0	0.902476	0.846757
299	591	-162.44	0	0.800691	0.625491
302	528	-135	0	0.816825	0.76543
303	535	-135.63	0	0.835136	0.404289
315	356	-16.0012	0	0.920455	0.878276
318	324	-1.06998	0	0.8457	0.755937
323	325	-1.00641	0	0.930342	0.862926
325	327	-1	0	0.871219	0.785417
345	369	-14.0159	0	0.844207	0.768127
353	377	-13.57	0	0.874866	0.653007
355	426	-43.86	0	0.825501	0.679079
362	383	-14.01	0	0.823103	0.789594
379	978	-226.98	0	0.83508	0.618466
386	410	-15.99	0	0.831178	0.5988
388	416	-16.17	0	0.845738	0.625907
402	790	-162.23	0	0.859767	0.67716
431	486	-33.9868	0	0.898838	0.775641
477	495	-14.0086	0	0.803129	0.715318
494	550	-33.99	0	0.85684	0.749889
502	738	-84.3064	0	0.847322	0.812944
526	562	-16.07	0	0.84575	0.7273
528	706	-58.11	0	0.800624	0.648181
535	538	-1.07001	0	0.846286	0.551398
535	619	-34.02	0	0.855802	0.42853
547	1256	-205.14	0	0.837354	0.565569
564	660	-28.08	0	0.965226	0.788348
586	591	-0.649963	0	0.884836	0.72273
589	598	-531.593	0	0.803534	0.661045
589	617	-6.73004	0	0.822909	0.607536
599	608	-2.01154	0	0.809382	0.617714
605	1135	388.945	0	0.834498	0.603168
608	654	-10.9185	0	0.801447	0.623484
616	715	-26.0183	0	0.806635	0.686494
617	618	-536.763	0	0.857678	0.632088
619	702	-21.98	0	0.875035	0.440437
620	689	-16.97	0	0.807428	0.689447
626	738	-28.0355	0	0.956359	0.828225
633	634	-0.0599976	0	0.813212	0.62871
633	742	-28.0341	0	0.831478	0.658935
634	742	-27.9741	0	0.849776	0.66191
652	895	-64.11	0	0.869998	0.721703
675	677	-1.26862	0	0.944847	0.72936
675	715	-10.0413	0	0.824269	0.60972
677	689	-1.72998	0	0.842457	0.61724
689	855	-43.08	0	0.809967	0.599954
706	712	-1	0	0.819009	0.74659
706	889	-46.02	0	0.836235	0.732076
706	895	-48.03	0	0.836682	0.699317
706	1057	-94.02	0	0.829382	0.675997
706	1199	-136.03	0	0.852999	0.758839
706	1295	-165.08	0	0.840578	0.656434
706	1326	-176.18	0	0.854814	0.71612
706	1360	-188.11	0	0.823784	0.732401
712	735	-6.04999	0	0.849547	0.696722
715	726	-2.01453	0	0.817966	0.733163
726	775	-15.9759	0	0.81798	0.789324
726	827	-26.0192	0	0.874395	0.753175
775	890	-26.0144	0	0.811369	0.677692
780	835	-15.1	0	0.818356	0.73462
780	840	-16.1	0	0.894104	0.786729
780	903	-31.09	0	0.823871	0.71862
806	815	-1.82001	0	0.807782	0.682289
807	1046	-64.9391	0	0.831289	0.690971
814	1256	-126.135	0	0.810462	0.548899
814	1362	-160.095	0	0.885651	0.646093
834	899	-15.89	0	0.881958	0.791416
835	840	-1	0	0.862464	0.793836
835	903	-15.99	0	0.852496	0.782972
840	903	-14.99	0	0.866374	0.768526
844	855	-1.47998	0	0.825589	0.69632
844	905	-13.91	0	0.806807	0.701416
844	953	-28.02	0	0.856019	0.709774
844	1007	-41.96	0	0.820823	0.623726
847	903	-13.31	0	0.805645	0.702264
847	974	-32.95	0	0.85711	0.752157
847	1011	-43.91	0	0.859317	0.745939
847	1142	-84.17	0	0.875978	0.767045
847	1155	-86.34	0	0.83314	0.714767
847	1227	-108.18	0	0.898694	0.80673
847	1278	-124.32	0	0.894255	0.691688
847	1308	-134.43	0	0.829588	0.691688
847	1333	-142.41	0	0.855398	0.691688
847	1511	-203.92	0	0.814495	0.681765
857	1060	-56.03	0	0.800056	0.664989
889	895	-2.00995	0	0.930645	0.820729
889	943	-16.05	0	0.829461	0.719962
889	962	-21.93	0	0.826715	0.664028
889	1057	-48	0	0.927443	0.782903
889	1063	-50.99	0	0.834546	0.639344
889	1180	-84.96	0	0.857807	0.75583
889	1295	-119.06	0	0.896307	0.775097
889	1360	-142.09	0	0.899789	0.751737
889	1500	-191.06	0	0.928056	0.782875
895	943	-14.04	0	0.838894	0.654066
895	962	-19.92	0	0.877942	0.76315
895	1057	-45.9901	0	0.902625	0.756997
895	1180	-82.95	0	0.867188	0.750506
895	1295	-117.05	0	0.881899	0.750506
895	1326	-128.15	0	0.861116	0.670518
895	1360	-140.08	0	0.882796	0.739079
899	935	-12.18	0	0.810849	0.650036
899	947	-14.25	0	0.81758	0.691559
903	1142	-70.86	0	0.857591	0.76364
905	953	-14.11	0	0.824405	0.661683
905	1007	-28.05	0	0.826417	0.694741
935	947	-2.07001	0	0.842524	0.742815
935	988	-13.97	0	0.82936	0.61621
943	1057	-31.95	0	0.806429	0.711752
943	1326	-114.11	0	0.830188	0.583524
943	1360	-126.04	0	0.806028	0.622423
953	1007	-13.94	0	0.85843	0.686336
962	1063	-29.06	0	0.894266	0.809374
974	1011	-10.96	0	0.869563	0.738993
974	1101	-38.4	0	0.801957	0.610795
974	1142	-51.22	0	0.841545	0.698278
974	1155	-53.39	0	0.900551	0.731196
974	1227	-75.23	0	0.882288	0.724533
974	1278	-91.37	0	0.896826	0.724533
974	1333	-109.46	0	0.915381	0.724533
974	1786	-324.32	0	0.821463	0.664414
978	1139	-47.9973	0	0.849895	0.516605
978	1261	-84.9612	0	0.823846	0.540259
988	999	-2.16998	0	0.829558	0.705721
989	994	-0.0205078	0	0.902487	0.485898
989	998	-1.27051	0	0.808102	0.627711
994	998	-1.25	0	0.837058	0.439629
1011	1142	-40.2599	0	0.878515	0.765812
1011	1155	-42.43	0	0.868585	0.717761
1011	1227	-64.27	0	0.897697	0.739418
1011	1278	-80.41	0	0.926826	0.739418
1011	1511	-160.01	0	0.818003	0.68839
1021	1139	-33.9893	0	0.822947	0.487369
1053	1121	-21.6322	0	0.844499	0.591297
1057	1063	-2.98999	0	0.801743	0.625922
1057	1180	-36.96	0	0.808194	0.649588
1057	1295	-71.06	0	0.855439	0.701305
1057	1360	-94.09	0	0.870513	0.703561
1057	1500	-143.06	0	0.856679	0.660777
1063	1500	-140.07	0	0.807198	0.572513
1101	1333	-71.06	0	0.844865	0.601667
1122	1388	-81.97	0	0.815802	0.706842
1139	1268	-39.0119	0	0.893581	0.611168
1139	1716	-227.943	0	0.86601	0.621047
1142	1155	-2.17004	0	0.89134	0.777754
1142	1227	-24.01	0	0.919434	0.800656
1142	1278	-40.15	0	0.929093	0.747759
1142	1308	-50.26	0	0.842264	0.779769
1142	1333	-58.2401	0	0.908159	0.747759
1142	1511	-119.75	0	0.806506	0.720731
1155	1227	-21.84	0	0.90698	0.72405
1155	1278	-37.98	0	0.921123	0.696577
1155	1308	-48.09	0	0.848668	0.72405
1155	1333	-56.07	0	0.909194	0.696577
1155	1511	-117.58	0	0.842544	0.686699
1155	1786	-270.93	0	0.819309	0.618763
1156	1295	-41.05	0	0.82739	0.799271
1156	1333	-55.05	0	0.868283	0.83548
1170	1618	-162.06	0	0.934759	0.780837
1170	1857	-324.11	0	0.902593	0.825326
1170	2088	-486.18	0	0.891718	0.775725
1180	1295	-34.1	0	0.874042	0.789237
1180	1326	-45.2	0	0.802294	0.649814
1180	1360	-57.13	0	0.824899	0.732184
1180	1500	-106.1	0	0.809192	0.736987
1223	1675	-172.566	0	0.82863	0.538655
1227	1278	-16.14	0	0.960793	0.829721
1227	1308	-26.25	0	0.904196	0.861187
1227	1333	-34.23	0	0.928	0.82972
1227	1511	-95.74	0	0.873312	0.810707
1227	1786	-249.09	0	0.83229	0.708619
1232	1293	-17.95	0	0.827788	0.674621
1249	1337	-28.99	0	0.81441	0.791887
1253	1388	-42.9772	0	0.820974	0.804212
1256	1362	-33.96	0	0.828025	0.683786
1261	1268	-2.04803	0	0.881178	0.729067
1268	1716	-188.931	0	0.854444	0.570247
1278	1308	-10.11	0	0.913349	0.851067
1278	1333	-18.09	0	0.959322	1
1278	1511	-79.6	0	0.869173	0.774692
1278	1786	-232.95	0	0.854057	0.752651
1293	1326	-12.02	0	0.843645	0.809407
1295	1326	-11.1	0	0.8711	0.784786
1295	1333	-14	0	0.865008	0.854808
1295	1360	-23.03	0	0.879837	0.867314
1295	1500	-72	0	0.874936	0.77866
1308	1786	-222.84	0	0.822187	0.752651
1311	1316	-2.03094	0	0.845716	0.781061
1311	1356	-15.041	0	0.817647	0.764217
1316	1367	-15.9882	0	0.848197	0.779835
1326	1360	-11.93	0	0.835283	0.758104
1333	1786	-214.86	0	0.823838	0.752651
1337	1539	-72.22	0	0.800269	0.630682
1346	1348	-1.77997	0	0.826863	0.685039
1360	1500	-48.97	0	0.852298	0.707883
1388	1578	-76.05	0	0.819466	0.690893
1444	1578	-54.98	0	0.806927	0.603032
1449	1678	-100.014	0	0.894586	0.774274
1511	1786	-153.35	0	0.811245	0.709576
1520	1525	-2.02997	0	0.887882	0.954678
1520	1551	-15.998	0	0.835552	0.631343
1531	1798	-154.238	0	0.800864	0.720079
1535	1539	-1.01001	0	0.818137	0.658025
1535	1798	-152.217	0	0.815229	0.690773
1539	1798	-151.207	0	0.800482	0.631535
1564	1714	-76.0105	0	0.832386	0.826145
1564	1721	-79.01	0	0.856676	0.654862
1565	1677	-49.1754	0	0.828394	0.64655
1599	1714	-62.0488	0	0.893822	0.638805
1617	1618	1.40735	0	0.951425	0.772723
1617	1625	-1.31262	0	0.842289	0.693488
1617	1649	-16.1526	0	0.852149	0.751718
1618	1857	-162.05	0	0.963668	0.868749
1618	2088	-324.12	0	0.898605	0.87598
1625	1649	-14.84	0	0.836001	0.751697
1677	1726	-28.9992	0	0.85079	0.560178
1707	1741	-14.03	0	0.922729	0.774896
1726	1754	-14.03	0	0.838505	0.81504
1791	1819	-17.54	0	0.858015	0.64356
1835	1850	-13.8627	0	0.839439	0.741823
1835	1867	-27.9127	0	0.826349	0.72307
1850	1851	-0.168701	0	0.896182	0.679335
1850	1867	-14.05	0	0.934587	0.8713
1850	1894	-28.08	0	0.813606	0.746384
1851	1867	-13.8813	0	0.882001	0.665657
1857	2088	-162.07	0	0.950449	0.864528
1860	1861	-0.0283203	0	0.800682	0.720548
1860	1885	-14.0113	0	0.872987	0.806332
1860	1907	-28.022	0	0.908291	0.866408
1867	1868	-1.12	0	0.833964	0.622161
1867	1894	-14.03	0	0.922077	0.863851
1867	1915	-28.2122	0	0.800689	0.696891
1868	1896	-14.04	0	0.810893	0.795428
1884	1885	0.987061	0	0.937491	0.919409
1884	1889	-1.02002	0	0.839784	0.769812
1885	1907	-14.0107	0	0.868867	0.861417
1894	1896	-1.13	0	0.917395	0.673963
1894	1915	-14.1823	0	0.830582	0.738965
1896	1897	-1.01001	0	0.80058	0.541784
1897	1920	-13.96	0	0.878493	0.826114
1906	1907	-0.0837402	0	0.848762	0.744063
1906	1908	-0.0588379	0	0.92769	0.725163
1906	1934	-14.17	0	0.866373	0.791833
1906	1940	-14.0365	0	0.868436	0.641814
1907	1934	-14.0863	0	0.862721	0.799872
1908	1934	-14.1112	0	0.816626	0.560141
1908	1940	-13.9777	0	0.917478	0.796109
1918	1923	-2.0083	0	0.944089	0.672504
1934	1940	0.133545	0	0.884347	0.604698
1934	1968	-15.9064	0	0.834799	0.69524
1942	1946	-1.00989	0	0.876704	0.794786
1942	1970	-15	0	0.806221	0.743058
1942	1973	-16.0099	0	0.856157	0.806688
1946	1949	-0.980103	0	0.902993	0.850168
1946	1970	-13.9901	0	0.867535	0.73965
1946	1973	-15	0	0.847256	0.778253
1949	1970	-13.01	0	0.845138	0.736016
1949	1973	-14.0199	0	0.847864	0.752737
1954	1977	-13.99	0	0.928886	0.891058
1968	1988	-13.9937	0	0.828131	0.794671
1970	1973	-1.00989	0	0.913043	0.82437
1972	1975	0.00915527	0	0.961324	0.686287
1972	1979	-2.01123	0	0.85226	0.676568
1972	1992	-15.9713	0	0.829902	0.711474
1975	1979	-2.02039	0	0.865237	0.651575
1975	1992	-15.9805	0	0.82124	0.569442
1991	2059	-56.92	0	0.839202	0.61506
2003	2004	-1.97998	0	0.824523	0.718945
3	3	0.0	1.0	1.0	1.0
4	4	0.0	1.0	1.0	1.0
6	6	0.0	1.0	1.0	1.0
7	7	0.0	1.0	1.0	1.0
11	11	0.0	1.0	1.0	1.0
12	12	0.0	1.0	1.0	1.0
13	13	0.0	1.0	1.0	1.0
14	14	0.0	1.0	1.0	1.0
15	15	0.0	1.0	1.0	1.0
20	20	0.0	1.0	1.0	1.0
22	22	0.0	1.0	1.0	1.0
24	24	0.0	1.0	1.0	1.0
26	26	0.0	1.0	1.0	1.0
28	28	0.0	1.0	1.0	1.0
29	29	0.0	1.0	1.0	1.0
30	30	0.0	1.0	1.0	1.0
31	31	0.0	1.0	1.0	1.0
32	32	0.0	1.0	1.0	1.0
33	33	0.0	1.0	1.0	1.0
34	34	0.0	1.0	1.0	1.0
35	35	0.0	1.0	1.0	1.0
38	38	0.0	1.0	1.0	1.0
39	39	0.0	1.0	1.0	1.0
41	41	0.0	1.0	1.0	1.0
42	42	0.0	1.0	1.0	1.0
44	44	0.0	1.0	1.0	1.0
45	45	0.0	1.0	1.0	1.0
46	46	0.0	1.0	1.0	1.0
48	48	0.0	1.0	1.0	1.0
49	49	0.0	1.0	1.0	1.0
51	51	0.0	1.0	1.0	1.0
53	53	0.0	1.0	1.0	1.0
54	54	0.0	1.0	1.0	1.0
55	55	0.0	1.0	1.0	1.0
56	56	0.0	1.0	1.0	1.0
57	57	0.0	1.0	1.0	1.0
59	59	0.0	1.0	1.0	1.0
60	60	0.0	1.0	1.0	1.0
61	61	0.0	1.0	1.0	1.0
64	64	0.0	1.0	1.0	1.0
67	67	0.0	1.0	1.0	1.0
68	68	0.0	1.0	1.0	1.0
70	70	0.0	1.0	1.0	1.0
71	71	0.0	1.0	1.0	1.0
72	72	0.0	1.0	1.0	1.0
74	74	0.0	1.0	1.0	1.0
75	75	0.0	1.0	1.0	1.0
76	76	0.0	1.0	1.0	1.0
77	77	0.0	1.0	1.0	1.0
78	78	0.0	1.0	1.0	1.0
80	80	0.0	1.0	1.0	1.0
81	81	0.0	1.0	1.0	1.0
82	82	0.0	1.0	1.0	1.0
83	83	0.0	1.0	1.0	1.0
84	84	0.0	1.0	1.0	1.0
85	85	0.0	1.0	1.0	1.0
86	86	0.0	1.0	1.0	1.0
88	88	0.0	1.0	1.0	1.0
89	89	0.0	1.0	1.0	1.0
90	90	0.0	1.0	1.0	1.0
92	92	0.0	1.0	1.0	1.0
94	94	0.0	1.0	1.0	1.0
95	95	0.0	1.0	1.0	1.0
97	97	0.0	1.0	1.0	1.0
98	98	0.0	1.0	1.0	1.0
101	101	0.0	1.0	1.0	1.0
103	103	0.0	1.0	1.0	1.0
104	104	0.0	1.0	1.0	1.0
106	106	0.0	1.0	1.0	1.0
107	107	0.0	1.0	1.0	1.0
108	108	0.0	1.0	1.0	1.0
112	112	0.0	1.0	1.0	1.0
113	113	0.0	1.0	1.0	1.0
114	114	0.0	1.0	1.0	1.0
115	115	0.0	1.0	1.0	1.0
118	118	0.0	1.0	1.0	1.0
119	119	0.0	1.0	1.0	1.0
120	120	0.0	1.0	1.0	1.0
122	122	0.0	1.0	1.0	1.0
125	125	0.0	1.0	1.0	1.0
128	128	0.0	1.0	1.0	1.0
129	129	0.0	1.0	1.0	1.0
130	130	0.0	1.0	1.0	1.0
131	131	0.0	1.0	1.0	1.0
132	132	0.0	1.0	1.0	1.0
133	133	0.0	1.0	1.0	1.0
134	134	0.0	1.0	1.0	1.0
135	135	0.0	1.0	1.0	1.0
137	137	0.0	1.0	1.0	1.0
138	138	0.0	1.0	1.0	1.0
139	139	0.0	1.0	1.0	1.0
140	140	0.0	1.0	1.0	1.0
141	141	0.0	1.0	1.0	1.0
145	145	0.0	1.0	1.0	1.0
146	146	0.0	1.0	1.0	1.0
150	150	0.0	1.0	1.0	1.0
152	152	0.0	1.0	1.0	1.0
153	153	0.0	1.0	1.0	1.0
156	156	0.0	1.0	1.0	1.0
157	157	0.0	1.0	1.0	1.0
158	158	0.0	1.0	1.0	1.0
159	159	0.0	1.0	1.0	1.0
160	160	0.0	1.0	1.0	1.0
161	161	0.0	1.0	1.0	1.0
163	163	0.0	1.0	1.0	1.0
164	164	0.0	1.0	1.0	1.0
165	165	0.0	1.0	1.0	1.0
167	167	0.0	1.0	1.0	1.0
169	169	0.0	1.0	1.0	1.0
170	170	0.0	1.0	1.0	1.0
171	171	0.0	1.0	1.0	1.0
174	174	0.0	1.0	1.0	1.0
175	175	0.0	1.0	1.0	1.0
177	177	0.0	1.0	1.0	1.0
178	178	0.0	1.0	1.0	1.0
179	179	0.0	1.0	1.0	1.0
180	180	0.0	1.0	1.0	1.0
181	181	0.0	1.0	1.0	1.0
182	182	0.0	1.0	1.0	1.0
184	184	0.0	1.0	1.0	1.0
187	187	0.0	1.0	1.0	1.0
188	188	0.0	1.0	1.0	1.0
189	189	0.0	1.0	1.0	1.0
191	191	0.0	1.0	1.0	1.0
193	193	0.0	1.0	1.0	1.0
194	194	0.0	1.0	1.0	1.0
197	197	0.0	1.0	1.0	1.0
198	198	0.0	1.0	1.0	1.0
200	200	0.0	1.0	1.0	1.0
204	204	0.0	1.0	1.0	1.0
206	206	0.0	1.0	1.0	1.0
207	207	0.0	1.0	1.0	1.0
208	208	0.0	1.0	1.0	1.0
212	212	0.0	1.0	1.0	1.0
213	213	0.0	1.0	1.0	1.0
215	215	0.0	1.0	1.0	1.0
218	218	0.0	1.0	1.0	1.0
221	221	0.0	1.0	1.0	1.0
223	223	0.0	1.0	1.0	1.0
225	225	0.0	1.0	1.0	1.0
227	227	0.0	1.0	1.0	1.0
228	228	0.0	1.0	1.0	1.0
229	229	0.0	1.0	1.0	1.0
231	231	0.0	1.0	1.0	1.0
232	232	0.0	1.0	1.0	1.0
233	233	0.0	1.0	1.0	1.0
236	236	0.0	1.0	1.0	1.0
237	237	0.0	1.0	1.0	1.0
238	238	0.0	1.0	1.0	1.0
239	239	0.0	1.0	1.0	1.0
242	242	0.0	1.0	1.0	1.0
243	243	0.0	1.0	1.0	1.0
244	244	0.0	1.0	1.0	1.0
248	248	0.0	1.0	1.0	1.0
249	249	0.0	1.0	1.0	1.0
251	251	0.0	1.0	1.0	1.0
253	253	0.0	1.0	1.0	1.0
254	254	0.0	1.0	1.0	1.0
255	255	0.0	1.0	1.0	1.0
256	256	0.0	1.0	1.0	1.0
258	258	0.0	1.0	1.0	1.0
260	260	0.0	1.0	1.0	1.0
263	263	0.0	1.0	1.0	1.0
266	266	0.0	1.0	1.0	1.0
268	268	0.0	1.0	1.0	1.0
269	269	0.0	1.0	1.0	1.0
271	271	0.0	1.0	1.0	1.0
272	272	0.0	1.0	1.0	1.0
273	273	0.0	1.0	1.0	1.0
274	274	0.0	1.0	1.0	1.0
275	275	0.0	1.0	1.0	1.0
276	276	0.0	1.0	1.0	1.0
277	277	0.0	1.0	1.0	1.0
283	283	0.0	1.0	1.0	1.0
285	285	0.0	1.0	1.0	1.0
287	287	0.0	1.0	1.0	1.0
288	288	0.0	1.0	1.0	1.0
289	289	0.0	1.0	1.0	1.0
291	291	0.0	1.0	1.0	1.0
292	292	0.0	1.0	1.0	1.0
293	293	0.0	1.0	1.0	1.0
295	295	0.0	1.0	1.0	1.0
296	296	0.0	1.0	1.0	1.0
297	297	0.0	1.0	1.0	1.0
298	298	0.0	1.0	1.0	1.0
300	300	0.0	1.0	1.0	1.0
304	304	0.0	1.0	1.0	1.0
305	305	0.0	1.0	1.0	1.0
306	306	0.0	1.0	1.0	1.0
308	308	0.0	1.0	1.0	1.0
309	309	0.0	1.0	1.0	1.0
311	311	0.0	1.0	1.0	1.0
312	312	0.0	1.0	1.0	1.0
314	314	0.0	1.0	1.0	1.0
316	316	0.0	1.0	1.0	1.0
317	317	0.0	1.0	1.0	1.0
322	322	0.0	1.0	1.0	1.0
326	326	0.0	1.0	1.0	1.0
328	328	0.0	1.0	1.0	1.0
330	330	0.0	1.0	1.0	1.0
331	331	0.0	1.0	1.0	1.0
332	332	0.0	1.0	1.0	1.0
333	333	0.0	1.0	1.0	1.0
336	336	0.0	1.0	1.0	1.0
340	340	0.0	1.0	1.0	1.0
342	342	0.0	1.0	1.0	1.0
343	343	0.0	1.0	1.0	1.0
346	346	0.0	1.0	1.0	1.0
349	349	0.0	1.0	1.0	1.0
350	350	0.0	1.0	1.0	1.0
351	351	0.0	1.0	1.0	1.0
352	352	0.0	1.0	1.0	1.0
358	358	0.0	1.0	1.0	1.0
359	359	0.0	1.0	1.0	1.0
363	363	0.0	1.0	1.0	1.0
364	364	0.0	1.0	1.0	1.0
366	366	0.0	1.0	1.0	1.0
367	367	0.0	1.0	1.0	1.0
368	368	0.0	1.0	1.0	1.0
370	370	0.0	1.0	1.0	1.0
373	373	0.0	1.0	1.0	1.0
374	374	0.0	1.0	1.0	1.0
375	375	0.0	1.0	1.0	1.0
376	376	0.0	1.0	1.0	1.0
378	378	0.0	1.0	1.0	1.0
384	384	0.0	1.0	1.0	1.0
385	385	0.0	1.0	1.0	1.0
390	390	0.0	1.0	1.0	1.0
392	392	0.0	1.0	1.0	1.0
393	393	0.0	1.0	1.0	1.0
394	394	0.0	1.0	1.0	1.0
395	395	0.0	1.0	1.0	1.0
396	396	0.0	1.0	1.0	1.0
397	397	0.0	1.0	1.0	1.0
398	398	0.0	1.0	1.0	1.0
399	399	0.0	1.0	1.0	1.0
401	401	0.0	1.0	1.0	1.0
403	403	0.0	1.0	1.0	1.0
405	405	0.0	1.0	1.0	1.0
406	406	0.0	1.0	1.0	1.0
407	407	0.0	1.0	1.0	1.0
409	409	0.0	1.0	1.0	1.0
412	412	0.0	1.0	1.0	1.0
413	413	0.0	1.0	1.0	1.0
414	414	0.0	1.0	1.0	1.0
415	415	0.0	1.0	1.0	1.0
418	418	0.0	1.0	1.0	1.0
419	419	0.0	1.0	1.0	1.0
420	420	0.0	1.0	1.0	1.0
421	421	0.0	1.0	1.0	1.0
422	422	0.0	1.0	1.0	1.0
424	424	0.0	1.0	1.0	1.0
427	427	0.0	1.0	1.0	1.0
428	428	0.0	1.0	1.0	1.0
429	429	0.0	1.0	1.0	1.0
430	430	0.0	1.0	1.0	1.0
432	432	0.0	1.0	1.0	1.0
433	433	0.0	1.0	1.0	1.0
434	434	0.0	1.0	1.0	1.0
435	435	0.0	1.0	1.0	1.0
436	436	0.0	1.0	1.0	1.0
438	438	0.0	1.0	1.0	1.0
439	439	0.0	1.0	1.0	1.0
441	441	0.0	1.0	1.0	1.0
443	443	0.0	1.0	1.0	1.0
444	444	0.0	1.0	1.0	1.0
446	446	0.0	1.0	1.0	1.0
447	447	0.0	1.0	1.0	1.0
448	448	0.0	1.0	1.0	1.0
449	449	0.0	1.0	1.0	1.0
450	450	0.0	1.0	1.0	1.0
452	452	0.0	1.0	1.0	1.0
453	453	0.0	1.0	1.0	1.0
454	454	0.0	1.0	1.0	1.0
455	455	0.0	1.0	1.0	1.0
456	456	0.0	1.0	1.0	1.0
458	458	0.0	1.0	1.0	1.0
459	459	0.0	1.0	1.0	1.0
460	460	0.0	1.0	1.0	1.0
461	461	0.0	1.0	1.0	1.0
463	463	0.0	1.0	1.0	1.0
464	464	0.0	1.0	1.0	1.0
465	465	0.0	1.0	1.0	1.0
467	467	0.0	1.0	1.0	1.0
469	469	0.0	1.0	1.0	1.0
473	473	0.0	1.0	1.0	1.0
474	474	0.0	1.0	1.0	1.0
475	475	0.0	1.0	1.0	1.0
476	476	0.0	1.0	1.0	1.0
478	478	0.0	1.0	1.0	1.0
479	479	0.0	1.0	1.0	1.0
481	481	0.0	1.0	1.0	1.0
482	482	0.0	1.0	1.0	1.0
483	483	0.0	1.0	1.0	1.0
484	484	0.0	1.0	1.0	1.0
487	487	0.0	1.0	1.0	1.0
488	488	0.0	1.0	1.0	1.0
489	489	0.0	1.0	1.0	1.0
490	490	0.0	1.0	1.0	1.0
491	491	0.0	1.0	1.0	1.0
492	492	0.0	1.0	1.0	1.0
493	493	0.0	1.0	1.0	1.0
497	497	0.0	1.0	1.0	1.0
498	498	0.0	1.0	1.0	1.0
499	499	0.0	1.0	1.0	1.0
500	500	0.0	1.0	1.0	1.0
501	501	0.0	1.0	1.0	1.0
503	503	0.0	1.0	1.0	1.0
505	505	0.0	1.0	1.0	1.0
506	506	0.0	1.0	1.0	1.0
507	507	0.0	1.0	1.0	1.0
508	508	0.0	1.0	1.0	1.0
509	509	0.0	1.0	1.0	1.0
510	510	0.0	1.0	1.0	1.0
511	511	0.0	1.0	1.0	1.0
512	512	0.0	1.0	1.0	1.0
513	513	0.0	1.0	1.0	1.0
514	514	0.0	1.0	1.0	1.0
516	516	0.0	1.0	1.0	1.0
517	517	0.0	1.0	1.0	1.0
518	518	0.0	1.0	1.0	1.0
519	519	0.0	1.0	1.0	1.0
520	520	0.0	1.0	1.0	1.0
522	522	0.0	1.0	1.0	1.0
523	523	0.0	1.0	1.0	1.0
524	524	0.0	1.0	1.0	1.0
525	525	0.0	1.0	1.0	1.0
527	527	0.0	1.0	1.0	1.0
529	529	0.0	1.0	1.0	1.0
531	531	0.0	1.0	1.0	1.0
532	532	0.0	1.0	1.0	1.0
533	533	0.0	1.0	1.0	1.0
534	534	0.0	1.0	1.0	1.0
536	536	0.0	1.0	1.0	1.0
537	537	0.0	1.0	1.0	1.0
539	539	0.0	1.0	1.0	1.0
540	540	0.0	1.0	1.0	1.0
541	541	0.0	1.0	1.0	1.0
542	542	0.0	1.0	1.0	1.0
543	543	0.0	1.0	1.0	1.0
544	544	0.0	1.0	1.0	1.0
545	545	0.0	1.0	1.0	1.0
546	546	0.0	1.0	1.0	1.0
548	548	0.0	1.0	1.0	1.0
549	549	0.0	1.0	1.0	1.0
555	555	0.0	1.0	1.0	1.0
556	556	0.0	1.0	1.0	1.0
557	557	0.0	1.0	1.0	1.0
558	558	0.0	1.0	1.0	1.0
559	559	0.0	1.0	1.0	1.0
560	560	0.0	1.0	1.0	1.0
561	561	0.0	1.0	1.0	1.0
566	566	0.0	1.0	1.0	1.0
567	567	0.0	1.0	1.0	1.0
568	568	0.0	1.0	1.0	1.0
569	569	0.0	1.0	1.0	1.0
570	570	0.0	1.0	1.0	1.0
571	571	0.0	1.0	1.0	1.0
572	572	0.0	1.0	1.0	1.0
573	573	0.0	1.0	1.0	1.0
574	574	0.0	1.0	1.0	1.0
576	576	0.0	1.0	1.0	1.0
577	577	0.0	1.0	1.0	1.0
578	578	0.0	1.0	1.0	1.0
579	579	0.0	1.0	1.0	1.0
580	580	0.0	1.0	1.0	1.0
581	581	0.0	1.0	1.0	1.0
582	582	0.0	1.0	1.0	1.0
584	584	0.0	1.0	1.0	1.0
585	585	0.0	1.0	1.0	1.0
588	588	0.0	1.0	1.0	1.0
592	592	0.0	1.0	1.0	1.0
593	593	0.0	1.0	1.0	1.0
595	595	0.0	1.0	1.0	1.0
596	596	0.0	1.0	1.0	1.0
597	597	0.0	1.0	1.0	1.0
600	600	0.0	1.0	1.0	1.0
601	601	0.0	1.0	1.0	1.0
602	602	0.0	1.0	1.0	1.0
604	604	0.0	1.0	1.0	1.0
606	606	0.0	1.0	1.0	1.0
607	607	0.0	1.0	1.0	1.0
610	610	0.0	1.0	1.0	1.0
611	611	0.0	1.0	1.0	1.0
612	612	0.0	1.0	1.0	1.0
613	613	0.0	1.0	1.0	1.0
614	614	0.0	1.0	1.0	1.0
615	615	0.0	1.0	1.0	1.0
621	621	0.0	1.0	1.0	1.0
622	622	0.0	1.0	1.0	1.0
625	625	0.0	1.0	1.0	1.0
627	627	0.0	1.0	1.0	1.0
630	630	0.0	1.0	1.0	1.0
631	631	0.0	1.0	1.0	1.0
637	637	0.0	1.0	1.0	1.0
638	638	0.0	1.0	1.0	1.0
639	639	0.0	1.0	1.0	1.0
640	640	0.0	1.0	1.0	1.0
642	642	0.0	1.0	1.0	1.0
643	643	0.0	1.0	1.0	1.0
644	644	0.0	1.0	1.0	1.0
645	645	0.0	1.0	1.0	1.0
648	648	0.0	1.0	1.0	1.0
650	650	0.0	1.0	1.0	1.0
651	651	0.0	1.0	1.0	1.0
653	653	0.0	1.0	1.0	1.0
657	657	0.0	1.0	1.0	1.0
658	658	0.0	1.0	1.0	1.0
659	659	0.0	1.0	1.0	1.0
662	662	0.0	1.0	1.0	1.0
663	663	0.0	1.0	1.0	1.0
665	665	0.0	1.0	1.0	1.0
668	668	0.0	1.0	1.0	1.0
670	670	0.0	1.0	1.0	1.0
671	671	0.0	1.0	1.0	1.0
678	678	0.0	1.0	1.0	1.0
682	682	0.0	1.0	1.0	1.0
683	683	0.0	1.0	1.0	1.0
684	684	0.0	1.0	1.0	1.0
688	688	0.0	1.0	1.0	1.0
690	690	0.0	1.0	1.0	1.0
692	692	0.0	1.0	1.0	1.0
693	693	0.0	1.0	1.0	1.0
698	698	0.0	1.0	1.0	1.0
699	699	0.0	1.0	1.0	1.0
700	700	0.0	1.0	1.0	1.0
701	701	0.0	1.0	1.0	1.0
703	703	0.0	1.0	1.0	1.0
704	704	0.0	1.0	1.0	1.0
707	707	0.0	1.0	1.0	1.0
708	708	0.0	1.0	1.0	1.0
717	717	0.0	1.0	1.0	1.0
718	718	0.0	1.0	1.0	1.0
720	720	0.0	1.0	1.0	1.0
722	722	0.0	1.0	1.0	1.0
724	724	0.0	1.0	1.0	1.0
727	727	0.0	1.0	1.0	1.0
730	730	0.0	1.0	1.0	1.0
731	731	0.0	1.0	1.0	1.0
732	732	0.0	1.0	1.0	1.0
734	734	0.0	1.0	1.0	1.0
736	736	0.0	1.0	1.0	1.0
740	740	0.0	1.0	1.0	1.0
741	741	0.0	1.0	1.0	1.0
743	743	0.0	1.0	1.0	1.0
745	745	0.0	1.0	1.0	1.0
746	746	0.0	1.0	1.0	1.0
748	748	0.0	1.0	1.0	1.0
752	752	0.0	1.0	1.0	1.0
755	755	0.0	1.0	1.0	1.0
756	756	0.0	1.0	1.0	1.0
757	757	0.0	1.0	1.0	1.0
758	758	0.0	1.0	1.0	1.0
760	760	0.0	1.0	1.0	1.0
761	761	0.0	1.0	1.0	1.0
764	764	0.0	1.0	1.0	1.0
765	765	0.0	1.0	1.0	1.0
767	767	0.0	1.0	1.0	1.0
768	768	0.0	1.0	1.0	1.0
769	769	0.0	1.0	1.0	1.0
770	770	0.0	1.0	1.0	1.0
771	771	0.0	1.0	1.0	1.0
772	772	0.0	1.0	1.0	1.0
774	774	0.0	1.0	1.0	1.0
776	776	0.0	1.0	1.0	1.0
777	777	0.0	1.0	1.0	1.0
778	778	0.0	1.0	1.0	1.0
783	783	0.0	1.0	1.0	1.0
784	784	0.0	1.0	1.0	1.0
786	786	0.0	1.0	1.0	1.0
787	787	0.0	1.0	1.0	1.0
794	794	0.0	1.0	1.0	1.0
795	795	0.0	1.0	1.0	1.0
799	799	0.0	1.0	1.0	1.0
800	800	0.0	1.0	1.0	1.0
801	801	0.0	1.0	1.0	1.0
803	803	0.0	1.0	1.0	1.0
804	804	0.0	1.0	1.0	1.0
805	805	0.0	1.0	1.0	1.0
808	808	0.0	1.0	1.0	1.0
810	810	0.0	1.0	1.0	1.0
812	812	0.0	1.0	1.0	1.0
816	816	0.0	1.0	1.0	1.0
818	818	0.0	1.0	1.0	1.0
822	822	0.0	1.0	1.0	1.0
823	823	0.0	1.0	1.0	1.0
824	824	0.0	1.0	1.0	1.0
825	825	0.0	1.0	1.0	1.0
826	826	0.0	1.0	1.0	1.0
830	830	0.0	1.0	1.0	1.0
831	831	0.0	1.0	1.0	1.0
836	836	0.0	1.0	1.0	1.0
838	838	0.0	1.0	1.0	1.0
839	839	0.0	1.0	1.0	1.0
841	841	0.0	1.0	1.0	1.0
842	842	0.0	1.0	1.0	1.0
843	843	0.0	1.0	1.0	1.0
846	846	0.0	1.0	1.0	1.0
848	848	0.0	1.0	1.0	1.0
851	851	0.0	1.0	1.0	1.0
853	853	0.0	1.0	1.0	1.0
854	854	0.0	1.0	1.0	1.0
856	856	0.0	1.0	1.0	1.0
858	858	0.0	1.0	1.0	1.0
859	859	0.0	1.0	1.0	1.0
861	861	0.0	1.0	1.0	1.0
862	862	0.0	1.0	1.0	1.0
864	864	0.0	1.0	1.0	1.0
866	866	0.0	1.0	1.0	1.0
867	867	0.0	1.0	1.0	1.0
868	868	0.0	1.0	1.0	1.0
869	869	0.0	1.0	1.0	1.0
870	870	0.0	1.0	1.0	1.0
871	871	0.0	1.0	1.0	1.0
874	874	0.0	1.0	1.0	1.0
876	876	0.0	1.0	1.0	1.0
878	878	0.0	1.0	1.0	1.0
881	881	0.0	1.0	1.0	1.0
883	883	0.0	1.0	1.0	1.0
884	884	0.0	1.0	1.0	1.0
885	885	0.0	1.0	1.0	1.0
886	886	0.0	1.0	1.0	1.0
888	888	0.0	1.0	1.0	1.0
891	891	0.0	1.0	1.0	1.0
894	894	0.0	1.0	1.0	1.0
896	896	0.0	1.0	1.0	1.0
898	898	0.0	1.0	1.0	1.0
901	901	0.0	1.0	1.0	1.0
902	902	0.0	1.0	1.0	1.0
904	904	0.0	1.0	1.0	1.0
907	907	0.0	1.0	1.0	1.0
908	908	0.0	1.0	1.0	1.0
911	911	0.0	1.0	1.0	1.0
912	912	0.0	1.0	1.0	1.0
913	913	0.0	1.0	1.0	1.0
915	915	0.0	1.0	1.0	1.0
920	920	0.0	1.0	1.0	1.0
921	921	0.0	1.0	1.0	1.0
922	922	0.0	1.0	1.0	1.0
923	923	0.0	1.0	1.0	1.0
924	924	0.0	1.0	1.0	1.0
925	925	0.0	1.0	1.0	1.0
929	929	0.0	1.0	1.0	1.0
932	932	0.0	1.0	1.0	1.0
934	934	0.0	1.0	1.0	1.0
937	937	0.0	1.0	1.0	1.0
939	939	0.0	1.0	1.0	1.0
940	940	0.0	1.0	1.0	1.0
941	941	0.0	1.0	1.0	1.0
944	944	0.0	1.0	1.0	1.0
948	948	0.0	1.0	1.0	1.0
950	950	0.0	1.0	1.0	1.0
952	952	0.0	1.0	1.0	1.0
954	954	0.0	1.0	1.0	1.0
956	956	0.0	1.0	1.0	1.0
959	959	0.0	1.0	1.0	1.0
961	961	0.0	1.0	1.0	1.0
964	964	0.0	1.0	1.0	1.0
966	966	0.0	1.0	1.0	1.0
970	970	0.0	1.0	1.0	1.0
971	971	0.0	1.0	1.0	1.0
972	972	0.0	1.0	1.0	1.0
973	973	0.0	1.0	1.0	1.0
980	980	0.0	1.0	1.0	1.0
981	981	0.0	1.0	1.0	1.0
983	983	0.0	1.0	1.0	1.0
987	987	0.0	1.0	1.0	1.0
990	990	0.0	1.0	1.0	1.0
993	993	0.0	1.0	1.0	1.0
997	997	0.0	1.0	1.0	1.0
1000	1000	0.0	1.0	1.0	1.0
1001	1001	0.0	1.0	1.0	1.0
1004	1004	0.0	1.0	1.0	1.0
1005	1005	0.0	1.0	1.0	1.0
1006	1006	0.0	1.0	1.0	1.0
1008	1008	0.0	1.0	1.0	1.0
1010	1010	0.0	1.0	1.0	1.0
1012	1012	0.0	1.0	1.0	1.0
1013	1013	0.0	1.0	1.0	1.0
1015	1015	0.0	1.0	1.0	1.0
1017	1017	0.0	1.0	1.0	1.0
1018	1018	0.0	1.0	1.0	1.0
1020	1020	0.0	1.0	1.0	1.0
1025	1025	0.0	1.0	1.0	1.0
1027	1027	0.0	1.0	1.0	1.0
1030	1030	0.0	1.0	1.0	1.0
1033	1033	0.0	1.0	1.0	1.0
1035	1035	0.0	1.0	1.0	1.0
1036	1036	0.0	1.0	1.0	1.0
1038	1038	0.0	1.0	1.0	1.0
1039	1039	0.0	1.0	1.0	1.0
1040	1040	0.0	1.0	1.0	1.0
1041	1041	0.0	1.0	1.0	1.0
1044	1044	0.0	1.0	1.0	1.0
1051	1051	0.0	1.0	1.0	1.0
1054	1054	0.0	1.0	1.0	1.0
1058	1058	0.0	1.0	1.0	1.0
1061	1061	0.0	1.0	1.0	1.0
1064	1064	0.0	1.0	1.0	1.0
1065	1065	0.0	1.0	1.0	1.0
1067	1067	0.0	1.0	1.0	1.0
1068	1068	0.0	1.0	1.0	1.0
1070	1070	0.0	1.0	1.0	1.0
1071	1071	0.0	1.0	1.0	1.0
1072	1072	0.0	1.0	1.0	1.0
1074	1074	0.0	1.0	1.0	1.0
1075	1075	0.0	1.0	1.0	1.0
1076	1076	0.0	1.0	1.0	1.0
1077	1077	0.0	1.0	1.0	1.0
1078	1078	0.0	1.0	1.0	1.0
1079	1079	0.0	1.0	1.0	1.0
1081	1081	0.0	1.0	1.0	1.0
1082	1082	0.0	1.0	1.0	1.0
1083	1083	0.0	1.0	1.0	1.0
1084	1084	0.0	1.0	1.0	1.0
1085	1085	0.0	1.0	1.0	1.0
1088	1088	0.0	1.0	1.0	1.0
1090	1090	0.0	1.0	1.0	1.0
1091	1091	0.0	1.0	1.0	1.0
1092	1092	0.0	1.0	1.0	1.0
1093	1093	0.0	1.0	1.0	1.0
1094	1094	0.0	1.0	1.0	1.0
1096	1096	0.0	1.0	1.0	1.0
1097	1097	0.0	1.0	1.0	1.0
1098	1098	0.0	1.0	1.0	1.0
1099	1099	0.0	1.0	1.0	1.0
1103	1103	0.0	1.0	1.0	1.0
1105	1105	0.0	1.0	1.0	1.0
1107	1107	0.0	1.0	1.0	1.0
1108	1108	0.0	1.0	1.0	1.0
1110	1110	0.0	1.0	1.0	1.0
1112	1112	0.0	1.0	1.0	1.0
1113	1113	0.0	1.0	1.0	1.0
1114	1114	0.0	1.0	1.0	1.0
1115	1115	0.0	1.0	1.0	1.0
1116	1116	0.0	1.0	1.0	1.0
1119	1119	0.0	1.0	1.0	1.0
1123	1123	0.0	1.0	1.0	1.0
1128	1128	0.0	1.0	1.0	1.0
1129	1129	0.0	1.0	1.0	1.0
1130	1130	0.0	1.0	1.0	1.0
1133	1133	0.0	1.0	1.0	1.0
1134	1134	0.0	1.0	1.0	1.0
1137	1137	0.0	1.0	1.0	1.0
1138	1138	0.0	1.0	1.0	1.0
1140	1140	0.0	1.0	1.0	1.0
1143	1143	0.0	1.0	1.0	1.0
1146	1146	0.0	1.0	1.0	1.0
1147	1147	0.0	1.0	1.0	1.0
1148	1148	0.0	1.0	1.0	1.0
1150	1150	0.0	1.0	1.0	1.0
1151	1151	0.0	1.0	1.0	1.0
1153	1153	0.0	1.0	1.0	1.0
1154	1154	0.0	1.0	1.0	1.0
1158	1158	0.0	1.0	1.0	1.0
1159	1159	0.0	1.0	1.0	1.0
1163	1163	0.0	1.0	1.0	1.0
1165	1165	0.0	1.0	1.0	1.0
1171	1171	0.0	1.0	1.0	1.0
1173	1173	0.0	1.0	1.0	1.0
1175	1175	0.0	1.0	1.0	1.0
1178	1178	0.0	1.0	1.0	1.0
1183	1183	0.0	1.0	1.0	1.0
1186	1186	0.0	1.0	1.0	1.0
1187	1187	0.0	1.0	1.0	1.0
1188	1188	0.0	1.0	1.0	1.0
1189	1189	0.0	1.0	1.0	1.0
1190	1190	0.0	1.0	1.0	1.0
1192	1192	0.0	1.0	1.0	1.0
1201	1201	0.0	1.0	1.0	1.0
1203	1203	0.0	1.0	1.0	1.0
1207	1207	0.0	1.0	1.0	1.0
1209	1209	0.0	1.0	1.0	1.0
1214	1214	0.0	1.0	1.0	1.0
1217	1217	0.0	1.0	1.0	1.0
1218	1218	0.0	1.0	1.0	1.0
1221	1221	0.0	1.0	1.0	1.0
1222	1222	0.0	1.0	1.0	1.0
1224	1224	0.0	1.0	1.0	1.0
1226	1226	0.0	1.0	1.0	1.0
1229	1229	0.0	1.0	1.0	1.0
1230	1230	0.0	1.0	1.0	1.0
1233	1233	0.0	1.0	1.0	1.0
1234	1234	0.0	1.0	1.0	1.0
1235	1235	0.0	1.0	1.0	1.0
1236	1236	0.0	1.0	1.0	1.0
1239	1239	0.0	1.0	1.0	1.0
1243	1243	0.0	1.0	1.0	1.0
1244	1244	0.0	1.0	1.0	1.0
1247	1247	0.0	1.0	1.0	1.0
1248	1248	0.0	1.0	1.0	1.0
1250	1250	0.0	1.0	1.0	1.0
1252	1252	0.0	1.0	1.0	1.0
1254	1254	0.0	1.0	1.0	1.0
1257	1257	0.0	1.0	1.0	1.0
1258	1258	0.0	1.0	1.0	1.0
1259	1259	0.0	1.0	1.0	1.0
1260	1260	0.0	1.0	1.0	1.0
1264	1264	0.0	1.0	1.0	1.0
1266	1266	0.0	1.0	1.0	1.0
1267	1267	0.0	1.0	1.0	1.0
1269	1269	0.0	1.0	1.0	1.0
1270	1270	0.0	1.0	1.0	1.0
1271	1271	0.0	1.0	1.0	1.0
1272	1272	0.0	1.0	1.0	1.0
1273	1273	0.0	1.0	1.0	1.0
1274	1274	0.0	1.0	1.0	1.0
1275	1275	0.0	1.0	1.0	1.0
1280	1280	0.0	1.0	1.0	1.0
1281	1281	0.0	1.0	1.0	1.0
1283	1283	0.0	1.0	1.0	1.0
1284	1284	0.0	1.0	1.0	1.0
1287	1287	0.0	1.0	1.0	1.0
1288	1288	0.0	1.0	1.0	1.0
1289	1289	0.0	1.0	1.0	1.0
1290	1290	0.0	1.0	1.0	1.0
1292	1292	0.0	1.0	1.0	1.0
1294	1294	0.0	1.0	1.0	1.0
1296	1296	0.0	1.0	1.0	1.0
1300	1300	0.0	1.0	1.0	1.0
1304	1304	0.0	1.0	1.0	1.0
1306	1306	0.0	1.0	1.0	1.0
1307	1307	0.0	1.0	1.0	1.0
1309	1309	0.0	1.0	1.0	1.0
1312	1312	0.0	1.0	1.0	1.0
1314	1314	0.0	1.0	1.0	1.0
1315	1315	0.0	1.0	1.0	1.0
1318	1318	0.0	1.0	1.0	1.0
1319	1319	0.0	1.0	1.0	1.0
1323	1323	0.0	1.0	1.0	1.0
1328	1328	0.0	1.0	1.0	1.0
1329	1329	0.0	1.0	1.0	1.0
1330	1330	0.0	1.0	1.0	1.0
1335	1335	0.0	1.0	1.0	1.0
1340	1340	0.0	1.0	1.0	1.0
1343	1343	0.0	1.0	1.0	1.0
1344	1344	0.0	1.0	1.0	1.0
1345	1345	0.0	1.0	1.0	1.0
1347	1347	0.0	1.0	1.0	1.0
1349	1349	0.0	1.0	1.0	1.0
1350	1350	0.0	1.0	1.0	1.0
1353	1353	0.0	1.0	1.0	1.0
1354	1354	0.0	1.0	1.0	1.0
1355	1355	0.0	1.0	1.0	1.0
1358	1358	0.0	1.0	1.0	1.0
1359	1359	0.0	1.0	1.0	1.0
1363	1363	0.0	1.0	1.0	1.0
1366	1366	0.0	1.0	1.0	1.0
1370	1370	0.0	1.0	1.0	1.0
1371	1371	0.0	1.0	1.0	1.0
1372	1372	0.0	1.0	1.0	1.0
1373	1373	0.0	1.0	1.0	1.0
1375	1375	0.0	1.0	1.0	1.0
1378	1378	0.0	1.0	1.0	1.0
1379	1379	0.0	1.0	1.0	1.0
1380	1380	0.0	1.0	1.0	1.0
1381	1381	0.0	1.0	1.0	1.0
1385	1385	0.0	1.0	1.0	1.0
1387	1387	0.0	1.0	1.0	1.0
1389	1389	0.0	1.0	1.0	1.0
1393	1393	0.0	1.0	1.0	1.0
1394	1394	0.0	1.0	1.0	1.0
1396	1396	0.0	1.0	1.0	1.0
1397	1397	0.0	1.0	1.0	1.0
1399	1399	0.0	1.0	1.0	1.0
1400	1400	0.0	1.0	1.0	1.0
1402	1402	0.0	1.0	1.0	1.0
1403	1403	0.0	1.0	1.0	1.0
1405	1405	0.0	1.0	1.0	1.0
1406	1406	0.0	1.0	1.0	1.0
1407	1407	0.0	1.0	1.0	1.0
1408	1408	0.0	1.0	1.0	1.0
1410	1410	0.0	1.0	1.0	1.0
1412	1412	0.0	1.0	1.0	1.0
1413	1413	0.0	1.0	1.0	1.0
1415	1415	0.0	1.0	1.0	1.0
1416	1416	0.0	1.0	1.0	1.0
1417	1417	0.0	1.0	1.0	1.0
1418	1418	0.0	1.0	1.0	1.0
1419	1419	0.0	1.0	1.0	1.0
1420	1420	0.0	1.0	1.0	1.0
1421	1421	0.0	1.0	1.0	1.0
1423	1423	0.0	1.0	1.0	1.0
1424	1424	0.0	1.0	1.0	1.0
1426	1426	0.0	1.0	1.0	1.0
1427	1427	0.0	1.0	1.0	1.0
1429	1429	0.0	1.0	1.0	1.0
1430	1430	0.0	1.0	1.0	1.0
1431	1431	0.0	1.0	1.0	1.0
1436	1436	0.0	1.0	1.0	1.0
1437	1437	0.0	1.0	1.0	1.0
1439	1439	0.0	1.0	1.0	1.0
1441	1441	0.0	1.0	1.0	1.0
1445	1445	0.0	1.0	1.0	1.0
1446	1446	0.0	1.0	1.0	1.0
1447	1447	0.0	1.0	1.0	1.0
1448	1448	0.0	1.0	1.0	1.0
1451	1451	0.0	1.0	1.0	1.0
1458	1458	0.0	1.0	1.0	1.0
1459	1459	0.0	1.0	1.0	1.0
1462	1462	0.0	1.0	1.0	1.0
1463	1463	0.0	1.0	1.0	1.0
1464	1464	0.0	1.0	1.0	1.0
1465	1465	0.0	1.0	1.0	1.0
1466	1466	0.0	1.0	1.0	1.0
1470	1470	0.0	1.0	1.0	1.0
1471	1471	0.0	1.0	1.0	1.0
1473	1473	0.0	1.0	1.0	1.0
1476	1476	0.0	1.0	1.0	1.0
1478	1478	0.0	1.0	1.0	1.0
1479	1479	0.0	1.0	1.0	1.0
1481	1481	0.0	1.0	1.0	1.0
1485	1485	0.0	1.0	1.0	1.0
1487	1487	0.0	1.0	1.0	1.0
1488	1488	0.0	1.0	1.0	1.0
1490	1490	0.0	1.0	1.0	1.0
1492	1492	0.0	1.0	1.0	1.0
1493	1493	0.0	1.0	1.0	1.0
1495	1495	0.0	1.0	1.0	1.0
1498	1498	0.0	1.0	1.0	1.0
1503	1503	0.0	1.0	1.0	1.0
1505	1505	0.0	1.0	1.0	1.0
1506	1506	0.0	1.0	1.0	1.0
1507	1507	0.0	1.0	1.0	1.0
1508	1508	0.0	1.0	1.0	1.0
1509	1509	0.0	1.0	1.0	1.0
1510	1510	0.0	1.0	1.0	1.0
1513	1513	0.0	1.0	1.0	1.0
1518	1518	0.0	1.0	1.0	1.0
1519	1519	0.0	1.0	1.0	1.0
1524	1524	0.0	1.0	1.0	1.0
1528	1528	0.0	1.0	1.0	1.0
1530	1530	0.0	1.0	1.0	1.0
1532	1532	0.0	1.0	1.0	1.0
1533	1533	0.0	1.0	1.0	1.0
1534	1534	0.0	1.0	1.0	1.0
1538	1538	0.0	1.0	1.0	1.0
1540	1540	0.0	1.0	1.0	1.0
1541	1541	0.0	1.0	1.0	1.0
1544	1544	0.0	1.0	1.0	1.0
1546	1546	0.0	1.0	1.0	1.0
1547	1547	0.0	1.0	1.0	1.0
1548	1548	0.0	1.0	1.0	1.0
1549	1549	0.0	1.0	1.0	1.0
1553	1553	0.0	1.0	1.0	1.0
1554	1554	0.0	1.0	1.0	1.0
1556	1556	0.0	1.0	1.0	1.0
1557	1557	0.0	1.0	1.0	1.0
1558	1558	0.0	1.0	1.0	1.0
1560	1560	0.0	1.0	1.0	1.0
1561	1561	0.0	1.0	1.0	1.0
1563	1563	0.0	1.0	1.0	1.0
1569	1569	0.0	1.0	1.0	1.0
1571	1571	0.0	1.0	1.0	1.0
1572	1572	0.0	1.0	1.0	1.0
1573	1573	0.0	1.0	1.0	1.0
1575	1575	0.0	1.0	1.0	1.0
1576	1576	0.0	1.0	1.0	1.0
1577	1577	0.0	1.0	1.0	1.0
1579	1579	0.0	1.0	1.0	1.0
1583	1583	0.0	1.0	1.0	1.0
1584	1584	0.0	1.0	1.0	1.0
1585	1585	0.0	1.0	1.0	1.0
1587	1587	0.0	1.0	1.0	1.0
1589	1589	0.0	1.0	1.0	1.0
1590	1590	0.0	1.0	1.0	1.0
1591	1591	0.0	1.0	1.0	1.0
1593	1593	0.0	1.0	1.0	1.0
1597	1597	0.0	1.0	1.0	1.0
1602	1602	0.0	1.0	1.0	1.0
1603	1603	0.0	1.0	1.0	1.0
1604	1604	0.0	1.0	1.0	1.0
1605	1605	0.0	1.0	1.0	1.0
1606	1606	0.0	1.0	1.0	1.0
1607	1607	0.0	1.0	1.0	1.0
1608	1608	0.0	1.0	1.0	1.0
1609	1609	0.0	1.0	1.0	1.0
1610	1610	0.0	1.0	1.0	1.0
1612	1612	0.0	1.0	1.0	1.0
1613	1613	0.0	1.0	1.0	1.0
1615	1615	0.0	1.0	1.0	1.0
1616	1616	0.0	1.0	1.0	1.0
1619	1619	0.0	1.0	1.0	1.0
1620	1620	0.0	1.0	1.0	1.0
1621	1621	0.0	1.0	1.0	1.0
1622	1622	0.0	1.0	1.0	1.0
1623	1623	0.0	1.0	1.0	1.0
1624	1624	0.0	1.0	1.0	1.0
1628	1628	0.0	1.0	1.0	1.0
1629	1629	0.0	1.0	1.0	1.0
1630	1630	0.0	1.0	1.0	1.0
1632	1632	0.0	1.0	1.0	1.0
1634	1634	0.0	1.0	1.0	1.0
1635	1635	0.0	1.0	1.0	1.0
1637	1637	0.0	1.0	1.0	1.0
1638	1638	0.0	1.0	1.0	1.0
1639	1639	0.0	1.0	1.0	1.0
1642	1642	0.0	1.0	1.0	1.0
1643	1643	0.0	1.0	1.0	1.0
1644	1644	0.0	1.0	1.0	1.0
1645	1645	0.0	1.0	1.0	1.0
1650	1650	0.0	1.0	1.0	1.0
1651	1651	0.0	1.0	1.0	1.0
1652	1652	0.0	1.0	1.0	1.0
1653	1653	0.0	1.0	1.0	1.0
1655	1655	0.0	1.0	1.0	1.0
1656	1656	0.0	1.0	1.0	1.0
1657	1657	0.0	1.0	1.0	1.0
1659	1659	0.0	1.0	1.0	1.0
1661	1661	0.0	1.0	1.0	1.0
1662	1662	0.0	1.0	1.0	1.0
1664	1664	0.0	1.0	1.0	1.0
1665	1665	0.0	1.0	1.0	1.0
1671	1671	0.0	1.0	1.0	1.0
1672	1672	0.0	1.0	1.0	1.0
1673	1673	0.0	1.0	1.0	1.0
1674	1674	0.0	1.0	1.0	1.0
1676	1676	0.0	1.0	1.0	1.0
1679	1679	0.0	1.0	1.0	1.0
1682	1682	0.0	1.0	1.0	1.0
1685	1685	0.0	1.0	1.0	1.0
1687	1687	0.0	1.0	1.0	1.0
1688	1688	0.0	1.0	1.0	1.0
1689	1689	0.0	1.0	1.0	1.0
1690	1690	0.0	1.0	1.0	1.0
1692	1692	0.0	1.0	1.0	1.0
1695	1695	0.0	1.0	1.0	1.0
1696	1696	0.0	1.0	1.0	1.0
1697	1697	0.0	1.0	1.0	1.0
1699	1699	0.0	1.0	1.0	1.0
1702	1702	0.0	1.0	1.0	1.0
1704	1704	0.0	1.0	1.0	1.0
1708	1708	0.0	1.0	1.0	1.0
1711	1711	0.0	1.0	1.0	1.0
1712	1712	0.0	1.0	1.0	1.0
1713	1713	0.0	1.0	1.0	1.0
1715	1715	0.0	1.0	1.0	1.0
1722	1722	0.0	1.0	1.0	1.0
1724	1724	0.0	1.0	1.0	1.0
1725	1725	0.0	1.0	1.0	1.0
1728	1728	0.0	1.0	1.0	1.0
1729	1729	0.0	1.0	1.0	1.0
1730	1730	0.0	1.0	1.0	1.0
1735	1735	0.0	1.0	1.0	1.0
1738	1738	0.0	1.0	1.0	1.0
1743	1743	0.0	1.0	1.0	1.0
1745	1745	0.0	1.0	1.0	1.0
1746	1746	0.0	1.0	1.0	1.0
1752	1752	0.0	1.0	1.0	1.0
1756	1756	0.0	1.0	1.0	1.0
1757	1757	0.0	1.0	1.0	1.0
1760	1760	0.0	1.0	1.0	1.0
1761	1761	0.0	1.0	1.0	1.0
1762	1762	0.0	1.0	1.0	1.0
1765	1765	0.0	1.0	1.0	1.0
1766	1766	0.0	1.0	1.0	1.0
1767	1767	0.0	1.0	1.0	1.0
1768	1768	0.0	1.0	1.0	1.0
1769	1769	0.0	1.0	1.0	1.0
1771	1771	0.0	1.0	1.0	1.0
1773	1773	0.0	1.0	1.0	1.0
1774	1774	0.0	1.0	1.0	1.0
1776	1776	0.0	1.0	1.0	1.0
1777	1777	0.0	1.0	1.0	1.0
1778	1778	0.0	1.0	1.0	1.0
1779	1779	0.0	1.0	1.0	1.0
1780	1780	0.0	1.0	1.0	1.0
1783	1783	0.0	1.0	1.0	1.0
1784	1784	0.0	1.0	1.0	1.0
1785	1785	0.0	1.0	1.0	1.0
1787	1787	0.0	1.0	1.0	1.0
1789	1789	0.0	1.0	1.0	1.0
1790	1790	0.0	1.0	1.0	1.0
1792	1792	0.0	1.0	1.0	1.0
1795	1795	0.0	1.0	1.0	1.0
1796	1796	0.0	1.0	1.0	1.0
1801	1801	0.0	1.0	1.0	1.0
1802	1802	0.0	1.0	1.0	1.0
1803	1803	0.0	1.0	1.0	1.0
1805	1805	0.0	1.0	1.0	1.0
1812	1812	0.0	1.0	1.0	1.0
1814	1814	0.0	1.0	1.0	1.0
1815	1815	0.0	1.0	1.0	1.0
1821	1821	0.0	1.0	1.0	1.0
1828	1828	0.0	1.0	1.0	1.0
1831	1831	0.0	1.0	1.0	1.0
1832	1832	0.0	1.0	1.0	1.0
1833	1833	0.0	1.0	1.0	1.0
1836	1836	0.0	1.0	1.0	1.0
1838	1838	0.0	1.0	1.0	1.0
1842	1842	0.0	1.0	1.0	1.0
1843	1843	0.0	1.0	1.0	1.0
1844	1844	0.0	1.0	1.0	1.0
1845	1845	0.0	1.0	1.0	1.0
1848	1848	0.0	1.0	1.0	1.0
1849	1849	0.0	1.0	1.0	1.0
1852	1852	0.0	1.0	1.0	1.0
1854	1854	0.0	1.0	1.0	1.0
1856	1856	0.0	1.0	1.0	1.0
1859	1859	0.0	1.0	1.0	1.0
1862	1862	0.0	1.0	1.0	1.0
1865	1865	0.0	1.0	1.0	1.0
1866	1866	0.0	1.0	1.0	1.0
1869	1869	0.0	1.0	1.0	1.0
1871	1871	0.0	1.0	1.0	1.0
1873	1873	0.0	1.0	1.0	1.0
1874	1874	0.0	1.0	1.0	1.0
1875	1875	0.0	1.0	1.0	1.0
1881	1881	0.0	1.0	1.0	1.0
1882	1882	0.0	1.0	1.0	1.0
1883	1883	0.0	1.0	1.0	1.0
1886	1886	0.0	1.0	1.0	1.0
1890	1890	0.0	1.0	1.0	1.0
1892	1892	0.0	1.0	1.0	1.0
1895	1895	0.0	1.0	1.0	1.0
1898	1898	0.0	1.0	1.0	1.0
1900	1900	0.0	1.0	1.0	1.0
1901	1901	0.0	1.0	1.0	1.0
1902	1902	0.0	1.0	1.0	1.0
1903	1903	0.0	1.0	1.0	1.0
1904	1904	0.0	1.0	1.0	1.0
1909	1909	0.0	1.0	1.0	1.0
1910	1910	0.0	1.0	1.0	1.0
1912	1912	0.0	1.0	1.0	1.0
1913	1913	0.0	1.0	1.0	1.0
1914	1914	0.0	1.0	1.0	1.0
1919	1919	0.0	1.0	1.0	1.0
1921	1921	0.0	1.0	1.0	1.0
1924	1924	0.0	1.0	1.0	1.0
1929	1929	0.0	1.0	1.0	1.0
1936	1936	0.0	1.0	1.0	1.0
1948	1948	0.0	1.0	1.0	1.0
1950	1950	0.0	1.0	1.0	1.0
1953	1953	0.0	1.0	1.0	1.0
1955	1955	0.0	1.0	1.0	1.0
1957	1957	0.0	1.0	1.0	1.0
1958	1958	0.0	1.0	1.0	1.0
1960	1960	0.0	1.0	1.0	1.0
1965	1965	0.0	1.0	1.0	1.0
1969	1969	0.0	1.0	1.0	1.0
1974	1974	0.0	1.0	1.0	1.0
1978	1978	0.0	1.0	1.0	1.0
1989	1989	0.0	1.0	1.0	1.0
1990	1990	0.0	1.0	1.0	1.0
1993	1993	0.0	1.0	1.0	1.0
1997	1997	0.0	1.0	1.0	1.0
1999	1999	0.0	1.0	1.0	1.0
2000	2000	0.0	1.0	1.0	1.0
2001	2001	0.0	1.0	1.0	1.0
2002	2002	0.0	1.0	1.0	1.0
2006	2006	0.0	1.0	1.0	1.0
2007	2007	0.0	1.0	1.0	1.0
2008	2008	0.0	1.0	1.0	1.0
2009	2009	0.0	1.0	1.0	1.0
2012	2012	0.0	1.0	1.0	1.0
2016	2016	0.0	1.0	1.0	1.0
2017	2017	0.0	1.0	1.0	1.0
2018	2018	0.0	1.0	1.0	1.0
2019	2019	0.0	1.0	1.0	1.0
2020	2020	0.0	1.0	1.0	1.0
2030	2030	0.0	1.0	1.0	1.0
2032	2032	0.0	1.0	1.0	1.0
2035	2035	0.0	1.0	1.0	1.0
2037	2037	0.0	1.0	1.0	1.0
2038	2038	0.0	1.0	1.0	1.0
2041	2041	0.0	1.0	1.0	1.0
2042	2042	0.0	1.0	1.0	1.0
2044	2044	0.0	1.0	1.0	1.0
2046	2046	0.0	1.0	1.0	1.0
2047	2047	0.0	1.0	1.0	1.0
2052	2052	0.0	1.0	1.0	1.0
2053	2053	0.0	1.0	1.0	1.0
2058	2058	0.0	1.0	1.0	1.0
2066	2066	0.0	1.0	1.0	1.0
2070	2070	0.0	1.0	1.0	1.0
2075	2075	0.0	1.0	1.0	1.0
2076	2076	0.0	1.0	1.0	1.0
2077	2077	0.0	1.0	1.0	1.0
2078	2078	0.0	1.0	1.0	1.0
2079	2079	0.0	1.0	1.0	1.0
2081	2081	0.0	1.0	1.0	1.0
2082	2082	0.0	1.0	1.0	1.0
2085	2085	0.0	1.0	1.0	1.0
2086	2086	0.0	1.0	1.0	1.0
2095	2095	0.0	1.0	1.0	1.0
2098	2098	0.0	1.0	1.0	1.0
2103	2103	0.0	1.0	1.0	1.0
2105	2105	0.0	1.0	1.0	1.0
2107	2107	0.0	1.0	1.0	1.0
2108	2108	0.0	1.0	1.0	1.0
2110	2110	0.0	1.0	1.0	1.0
2115	2115	0.0	1.0	1.0	1.0
2116	2116	0.0	1.0	1.0	1.0
2120	2120	0.0	1.0	1.0	1.0
2121	2121	0.0	1.0	1.0	1.0
2128	2128	0.0	1.0	1.0	1.0
2139	2139	0.0	1.0	1.0	1.0
2145	2145	0.0	1.0	1.0	1.0
2154	2154	0.0	1.0	1.0	1.0
2157	2157	0.0	1.0	1.0	1.0
2165	2165	0.0	1.0	1.0	1.0
2167	2167	0.0	1.0	1.0	1.0
2171	2171	0.0	1.0	1.0	1.0
